text,label,annotation_notes
Lol that’s because unlike you our focus is on bigger and harder trophies to win. which we are getting closer and closer to win each year. Do you really think Arteta would have rested Rice and Partey against man utd in the FA cup if he wanted to win it?,hot_take,Bold opinion or claim asserted without checkable evidence.
Having a bias for one team and against all other teams they play against is literally how being a fan works. The only person who isn’t biased to any degree is someone who doesn’t support any team or doesn’t watch football at all.,hot_take,Bold opinion or claim asserted without checkable evidence.
"Neither was la liga. 5 different teams have won la liga since 2000. In PL, that number is 6 which isn’t a big difference.",analysis,Cites specific evidence (stats / named sequence / tactical mechanism).
"Losing the arguments, PGMOL princess?",reaction,"Emotional/expressive, joke, or insult with no claim to defend."
They've performed well so far this season,hot_take,Bold opinion or claim asserted without checkable evidence.
Interesting I presume you have boycotted attending the Emirates and Arsenal due to Visit Rwanda sponsorship.,hot_take,Bold opinion or claim asserted without checkable evidence.
"No they don’t. Out of the top 10 scorers in the Premier League this season, five have overperformed and five have underperformed their xG this season. You would expect more players there to overperform their xG than average as your self-selecting the best scorers. Salah’s is modest, Isak even more so. Haaland has underperformed his xG. Across the league as a whole, xG has been underperformed by 150 goals. Chris Wood has overperformed his xG by 5.5 this season, meaning he’s scoring four goals for every three that he would on average score. It’s not a sustainable over performance of xG long-term which indicates a fortunate period of good form.",analysis,xG breakdown with concrete per-player numbers -> evidence-backed analysis.
"I have said nothing about Newcastle being state funded. Other people have said that not me, I don’t see an issue with it, all billionaire money is likely dirty one way or another. I’m just pointing out things I have noticed about the way Newcastle are discussed and favoured in the media and sometimes on the pitch my officials",hot_take,Bold opinion or claim asserted without checkable evidence.
"It's had some good things, very strong mid table for sure. And the cup winners were cool. But the title was over by xmas and the relegation battle was too.",hot_take,Bold opinion or claim asserted without checkable evidence.
"No it shouldn’t. But being the league winning manager has to put you into the conversation, especially if you don’t have the highest wage bill.",hot_take,Bold opinion or claim asserted without checkable evidence.
I see you lack objectivity which is not a huge surprise. Good day sir.,reaction,"Emotional/expressive, joke, or insult with no claim to defend."
"What lol. If I'm a Southampton fan, I have no bias for or against anyone in the top 6 for example, so I can comment without bias and my opinion can be considered as such. If I make a comment about Southampton, it's fair to assume bias. So not everyone has a bias. Usually only when your commenting on your club or your rivals. Id like to think that people aren't big enough cunts to have a bias against all teams that arent there's lol.",hot_take,Bold opinion or claim asserted without checkable evidence.
And the fact he was also detrimental to the team due to not being able to run and press from the front. Plus his link up play had become absolutely shocking.,hot_take,Bold opinion or claim asserted without checkable evidence.
You do realise Arsenal are also sponsored by the Emirates?,hot_take,Bold opinion or claim asserted without checkable evidence.
Second in 35 years then,hot_take,Bold opinion or claim asserted without checkable evidence.
Where is the lie? I don’t get our fanbase sometimes. It’s like we want to live in delusion instead of facing reality.,hot_take,Bold opinion or claim asserted without checkable evidence.
"Unbelievable really. Can't wait for the final day, I say both teams just have a party!",reaction,"Emotional/expressive, joke, or insult with no claim to defend."
Every fan is going to be biased towards their team and against all other teams in the league. Everyone on this sub has a biased opinion so you can’t really use that for or against anything,hot_take,Bold opinion or claim asserted without checkable evidence.
"If Arsenal finished 12th and won FA Cup, would you think he is more or less likely to keep his job?",hot_take,Edge case C: rhetorical question carrying an opinion -> hot_take.
They are afraid of the very handsome prince of Saudi Arabia,hot_take,Bold opinion or claim asserted without checkable evidence.
"You’re bringing up an incident from over a year ago. Also omitting the fact that juts minutes before Bruno’s challenge on Jorginho, Havertz had tried to break Longstaff’s legs. Both should have been red cards. Jackson delicately allowed Botman and got sent off. I don’t recall a Newcastle player doing that this season.",analysis,Cites specific evidence (stats / named sequence / tactical mechanism).
"What's funny is though that even in our banter era we are still winning more trophies than you. Last 5 years: Arsenal - 0 Utd - Fa Cup, League Cup, soon to be Europa League You win an FA Cup and think it's the Champions League!",analysis,Cites specific evidence (stats / named sequence / tactical mechanism).
"Joe Gomez, Diogo Jota and Trent also had injuries.",analysis,Cites specific evidence (stats / named sequence / tactical mechanism).
Dont blame us. Blame Arteta who keeps fuelling the fire,hot_take,Bold opinion or claim asserted without checkable evidence.
Dude is now basically homeless after throwing too many stones from his glass house.,reaction,"Emotional/expressive, joke, or insult with no claim to defend."
"Ideally, no. I believe it should be about who’s exceeded pre-season expectations the most. And in that regard, I think Nuno is the standout. I don’t think people realize that Forest were 17th last season, 16th before, and in the Championship prior. If the last GW goes their way, he will have taken a team from near relegation to the Champions League in 1 season. That’s a meteoric rise. That said, I do think Slot’s achievement has been downplayed a little. He’s had no signings and had to fill Klopp’s shoes in a step up to arguably the toughest league. Him winning the league this season is significantly more impressive than if Arsenal or City had done it. Also, they could finish on 89 points - which yes, isn’t the high 90s of prime Pep v Klopp, but it’s still very respectable and certainly deserving of a title.",analysis,Cites specific evidence (stats / named sequence / tactical mechanism).
Americans try to ruin everything. I should know. I am one. 😂,reaction,"Emotional/expressive, joke, or insult with no claim to defend."
You realised that just now? What was yor first clue?,reaction,"Emotional/expressive, joke, or insult with no claim to defend."
They were the 3rd faves to win the title,hot_take,Bold opinion or claim asserted without checkable evidence.
No. Give it to Nuno. Howe and Glasner would be in the running **but** domestic cups do not come into play.,hot_take,Bold opinion or claim asserted without checkable evidence.
It proves nothing except that what you perceive to be a foul is probably not.,hot_take,Bold opinion or claim asserted without checkable evidence.
"Yep and the most annoying thing as a Liverpool fan will be watching all the England fans finally talk about how good he is after vehemently denying it for years just because he was Liverpools home grown player. It's extremely disappointing when people get deluded by their hate. Your hate is actually making you miss reality and deny truth. Like, I'm not a big fan of Arsenal but I won't tell you that Odegaard is a shit player. I recognise he's talented and highly skilled but people never did that with Trent even though his passing is some of the best we have ever seen in the Prem.",hot_take,Bold opinion or claim asserted without checkable evidence.
"100% they did. They loved them pipping Liverpool to 4th place in 2003 and grabbing that last champions league spot. Then later when Mourinho came in, he gave them such good copy, they lapped it up. John Terry has a rap list longer than most but was still held up as a role model, even Dad of the year.",hot_take,Bold opinion or claim asserted without checkable evidence.
Ack! Ack! Ack!,reaction,"Emotional/expressive, joke, or insult with no claim to defend."
"That's what the OP is saying. You have a great disciplinary record despite having one of the more aggressive styles of play in the league, it's def a bit weird. Guimaraes can intentionally hit Jorginho in the head off the ball and the refs are fine with it. Jackson does it challenging for the ball and VAR won't stand for it. Odd.",analysis,Cites specific evidence (stats / named sequence / tactical mechanism).
Aged well,reaction,"Emotional/expressive, joke, or insult with no claim to defend."
No and it isn't always given to league winning manager.,hot_take,Bold opinion or claim asserted without checkable evidence.
"Most pundits had Liverpool third. I think most people would have either expected City’s domination to continue or for Arsenal to finally kick on. But both of them collapsed - from averaging 90 points each last year to 73 at best this year. I also agree it was hubris, this was a team that had performed to a very high level for five seasons and challenged last year for long periods. Allison, Salah and Van Dijk are the best in the world in their positions and there are another 3/4 on top of that who would have a shout for being best in the league (Trent, Robertson (albeit he’s been off), Diaz and Gravenberch).",analysis,Cites specific evidence (stats / named sequence / tactical mechanism).
Yes nothing brings good PR like being associated with the Saudi regime,hot_take,Bold opinion or claim asserted without checkable evidence.
Exactly. I was watching some goal highlights from the 90s recently and there were more than a few where nowadays the defender would just go down and the goal would be disallowed. People saying Newcastle are thugs today should go and watch the likes of Bremner or Souness in the 70s & 80s.,analysis,Cites specific evidence (stats / named sequence / tactical mechanism).
I never said winning team should always win the manager of the month. Not at all contradicting that argument. In fact I do consider Nuno to be equally deserving as Arne Slot. They both have defied expectations!,hot_take,Bold opinion or claim asserted without checkable evidence.
"""Did literally nothing except finish and he was only average at that.""... Tell that to the Spurs fans who watched his hattrick.",hot_take,Bold opinion or claim asserted without checkable evidence.
"Yes, but just winning the league should not be the only qualification for winning manager of the season. Otherwise there is no actual point in having a competition for the award, or even an award at all. The winning manager should win it if: * The title win is especially impressive (Leicester) * They have a particularly impressive points tally or dominance of the league through points. * They have won a particularly brutal and tightly-fought contest for the title. Number 1 does not apply to Liverpool. Liverpool are expected to compete for the title every year. Number 2 does not apply. Even if you win the last two games, the points tally, including the goal difference, will be the second lowest of the last 9 years. Number 3 does not apply- you have had no serious rival. Only one other team has managed to get above 70 points, no one is getting anywhere near 80.",analysis,Cites specific evidence (stats / named sequence / tactical mechanism).
Purposefully being dense? Someone can be both high in a table of calls against them and not have received as many as they deserve. Not saying its true for Bruno but these aren't competing concepts...,hot_take,Bold opinion or claim asserted without checkable evidence.
Oh you’re one one *those* Arsenal fans,reaction,"Emotional/expressive, joke, or insult with no claim to defend."
Now do the ones that halved their points tally,hot_take,Bold opinion or claim asserted without checkable evidence.
Not true at all. Tindall got a yellow card the other week literally for doing nothing (which led to a ban),analysis,Cites specific evidence (stats / named sequence / tactical mechanism).
"They were third favourites, only just behind Arsenal… can we stop pretending people were expecting relegation. Show me anyone who expected Arsenal AND City to both get fewer than 75points. Liverpool have been the best team and deserve the title but they’ve benefitted from a huge drop off from their main rivals",analysis,Cites specific evidence (stats / named sequence / tactical mechanism).
Is it not obvious... refs want the big money to do Saudi games...,hot_take,Bold opinion or claim asserted without checkable evidence.
"Its pretty obvious to me the oil clubs have the referees/media on payroll or whatever, but everyone wants to act like corruption is completely impossible in English sports. LOOL",hot_take,Bold opinion or claim asserted without checkable evidence.
Gotta be Nottingham imo. They performed way above expectations. Howe and slot are good shouts aswell but no one except those 3 should be in the conversation. Unless Im missing someone which i likely am.,hot_take,Bold opinion or claim asserted without checkable evidence.
"They’re no worse than any other team for that. Our disciplinary record is better than the majority of teams in the league. We have a great atmosphere at our home games, play decent high intensity football and our games are usually pretty entertaining.",hot_take,Bold opinion or claim asserted without checkable evidence.
"If Liverpool won just their ""2nd premier league"" than Real has 9 UCL wins and not 15",hot_take,Bold opinion or claim asserted without checkable evidence.
Legend has it that Anthony Gordon still hasn't stopped rolling.,reaction,"Emotional/expressive, joke, or insult with no claim to defend."
"Just a small correction, since a lot of people are seeing this wrong: The club is paying for the STAFF. They're not playing for the FAMILIES of staff members (I read they're giving 2 tickets or 3, but not more). That's what Ruben Amorim decided to pay for, because he said the staff would be happier and have a better performance in the final. Paying for the staff is an obligation of the club. Paying for the families is not, but still a nice gesture and doesn't change what you said about mismanagement.",analysis,Cites specific evidence (stats / named sequence / tactical mechanism).
"First things first, we do not need to care about who gets in the CL. Thats for you to fight and figure out. Secondly, chilling out the last month of PL gives us extra rest and keeps the players fresh. No one cares how many points you scored. All that matters is winning the league, and thats the Arne Slot way!",hot_take,Bold opinion or claim asserted without checkable evidence.
Thanks for that salty insight.,reaction,"Emotional/expressive, joke, or insult with no claim to defend."
"Just because pundits (and a lot of fans) were wrong doesn’t mean Slot is some kind of miracle worker. I really don’t understand why he’s being lauded quite so much. For me the test is punching above weight. If I’d said at the start Liverpool would win the league there’d be raised eyebrows. However if I knew that City and Arsenal would both fail to get to 75 points, I’d put your house on Liverpool winning with Klopp or Slot. If I recall they were around 7/1 to win the league at the start of the year. At best they’ll finish on 89 points which would have put them third behind Arsenal last season. Forest being in the top 5 is far more of a shock and I’d bet the bookies odds would be at least 50/1 for that at the start of the year. Newcastle being third and winning a trophy is also impressive.",analysis,Cites specific evidence (stats / named sequence / tactical mechanism).
"Depends on the context. If City had won the league again then no, pep wouldn’t be manager of the season for achieving something he was favourite to achieve. I’d suggest that objectively, if Newcastle achieve top 4, added to their league cup win that Howe should be manager of the season. But I couldn’t argue against it being Slot seeing as he won the league in his first season without any major signings and with the backdrop of replacing Klopp and the 3 contract situation drama.",analysis,Cites specific evidence (stats / named sequence / tactical mechanism).
"There's quite a significant difference between history and actively doing things, we're far far from spotless even now but lets not pretend the UK and Saudi are in anywhere the same ballpark when it comes to human rights abuses, oppression and currently conflict. Showing up in headdresses dressed as the new owners is glorifying them, those same people who are actively at the heart of the above. It's not dramatic it's having some fucking sense of moral understanding of whats more important than a football club.",hot_take,Bold opinion or claim asserted without checkable evidence.
"Lol okay mate, well it's comments like this that answer your original question for you. All the best",reaction,"Emotional/expressive, joke, or insult with no claim to defend."
"No, because it’s clear that Eddie Howe and Nuno have done an incredible job with what they’ve had to work with. Eddie in particular, they’ve had injuries and a lack of transfers recently but they seem a united team. This is coming from a spurs fan.",hot_take,Bold opinion or claim asserted without checkable evidence.
I'm talking about the modern era. He's won a PL with Leicester before you have. 🤣🤣🤣,reaction,"Emotional/expressive, joke, or insult with no claim to defend."
No evidence? How much more evidence do you need of the Saudi government’s motivations?,hot_take,Bold opinion or claim asserted without checkable evidence.
And water is wet,reaction,"Emotional/expressive, joke, or insult with no claim to defend."
More control/restraint in general. The Gravenberch move was a master stroke which solidified the team both offensively and defensively. Played to MO’s strengths a touch more. Kept the back door shut more effectively with the extra control.,analysis,Cites specific evidence (stats / named sequence / tactical mechanism).
"He had fewer chances created/min than matic, pogba and Sancho who all had ""poor"" season and fewer assists than Fred. And his hold up play was horrendous. Idk maybe Ur CR7 fanboy but the stats don't remotely back up what you're saying. And a striker who does absolutely nothing except score needs to be over performing their xg and getting minimum 30 goals to be worth having for a top side. He probably would have done quite well at city because they made like a million chances per match but we were a counter attacking team and as soon as he joined we weren't able to do that anymore.",analysis,Cites specific evidence (stats / named sequence / tactical mechanism).
"Yes, they do. The problem with XG is that it is a very dodgy stat. For instance, I have just looked at three different websites and each one has different XG for each player",hot_take,Edge case A: gives a reason ('different sites') but no checkable evidence -> hot_take.
"He got 18 goals from an xg of 17.5 which is average except he also did 0 pressing or defensive work, 0 playmaking, 0 hold up play and he was so slow that we had to completely shift our focus away from counter attacking football. He did literally nothing except score and he was only average at that.",analysis,Cites specific evidence (stats / named sequence / tactical mechanism).
“Most strikers outperform their XG” err.. no they don’t. Some will because it’s the elite level of the game also Wood is over 7 goals up on his XG. And yes it means you’ve been scoring hard chances. I didn’t say Wood had been lucky I said Nuno was to have a striker in that form.,analysis,Cites specific evidence (stats / named sequence / tactical mechanism).
"I think you need to look at the CG charts. Most strikers outperform their XG. Cole Palmer is an exception who underperforms it. Mo Salah has outperformed his XG by about the same amount as Wood, so has Isak, Mbuemo even more. Outperforming XG doesn't mean you've been lucky, it means you've scored hard chances",analysis,Cites specific evidence (stats / named sequence / tactical mechanism).
Forest are were they are more than anything because Chris Wood was scoring virtually every shot he took for a few months. He outperformed his XG regularly and was so clinical. Nuno has done a good job but he got lucky with having Chris Wood at that time so I don’t think he can be manager of the season.,analysis,Cites specific evidence (stats / named sequence / tactical mechanism).
"Arsenal fans talk like philosophers in May—full of theories, no results. They flex XG stats while dusting empty cabinets. Imagine going trophyless yet acting superior, while ""banter-era"" United still win more in chaos than Arsenal do at their “peak.” Second place? . Netflix season -6 🤣🤣",hot_take,Bold opinion or claim asserted without checkable evidence.
"ETH should be lynched if he would have continued and we would be in 16th… he spent 600+ million pounds on his own players and still could not get the best out of them.. not even the average okay-est out of them. In a system he wanted to play and spent all that to get nowhere. I don’t care what other guys used to say, Eth out or in, just support the one in charge. Amorim has stuck to his gut, the results haven’t been good but the stats back him up a little bit. The xG has doubled/tripled since Eth. Maybe it’s naive but I believe the results will improve after the transfer window..at least it surely can’t get worse",analysis,Cites specific evidence (stats / named sequence / tactical mechanism).
">For example as I commented in another post, Arsenal having the higher xG overperformance than Liverpool is surprising because it's clearly not true Based on what? >so immediately you can tell that simply adding up xG and goals is misleading and doesn't tell you much. Wait, you just said it wasn't true. Now you are suggesting it is true but that it doesn't tell you much because it didn't conform to your opinion.",analysis,Cites specific evidence (stats / named sequence / tactical mechanism).
"Most data showed that they were outperforming their xg numbers for a while now,so it looks like that finally caught up with them with the squad they had",analysis,Cites specific evidence (stats / named sequence / tactical mechanism).
"Leicester have been truly awful this season, failed to score in 16 out of 36 games, have the 2nd lowest xG and at the age of 38 Vardy has 8 goals and 4 assists. There's 5-10 PL who would take a punt on him",analysis,Cites specific evidence (stats / named sequence / tactical mechanism).
"I was looking through the top la liga goal scorer the other day, as you do. But the fact that both raphinha and yamal either have the same amount of goals as ayoze perez or less in yamal’s case really bugs me. The fact ayoze perez is out performing his xg as well when the other two arent.",analysis,Cites specific evidence (stats / named sequence / tactical mechanism).
"Exactly - Leicester have been truly awful, have failed to score in the majority of games since RVN took over and have really low xG. Vardy, at 38 and feeding on scraps is still on 9 goals. For a 1 year deal and on a free there’s a ton of PL that’d take him as bit part player.",analysis,Cites specific evidence (stats / named sequence / tactical mechanism).
">But Arsenal could be (we were) overperforming a lot on one day and underperforming a lot on another. In data like this just adding up the goals and xG can hide such variation so probably a better metric would be to look at alongside standard deviation. I appreciate your feedback. I agree that it can distort the actual performance of a team because on some games you can exceed your xG to a point where if you underperformed on your xG, it overlooks your less clinical performances. I will find data in games where Arsenal performed below their xG and how it dented their hopes of winning the title, especially in the 2022/23 season",analysis,Cites specific evidence (stats / named sequence / tactical mechanism).
">Also, these numbers don't tell you much. If you average this over the number of games it comes to over performing our xG by an average 0.27 per game. Please elaborate on this. I am sure it tells you over the course of a season.",analysis,Cites specific evidence (stats / named sequence / tactical mechanism).
"Thank you. I forgot about that. But it would be something worth looking into, the amount of big chances missed by each side, which might tell a greater story outside the scope of xG.",analysis,Cites specific evidence (stats / named sequence / tactical mechanism).
"Not a big fan of XG in football however this is well done given how it covers the whole season ( instead of the daft per game ""statistics""). I had this feeling ( and I told a mate of mine) that Bournemouth were a bit unlucky in their results ( too many draws), and looking at your table its easy to see by numbers as well how what separates them from Forest is basically nothing. No comment on my club, nice article though. I would like to see a numerical representation of how much Hojlund and Onana have cost us this season on their own. Missing clear cut chances conceding overly easy goals. because I am more than convinced it at from 15 to 20 points just from these two clowns.",analysis,Cites specific evidence (stats / named sequence / tactical mechanism).
"The average player typically scores 75% of penalties taken, based on xg. Who’s better? I know balotelli is insane, Ronaldo is at 84-85%. Kane is at 88%, Who’s also well known?",analysis,Cites specific evidence (stats / named sequence / tactical mechanism).
"What many don't realize is last season was just as bad, we were just bailed out with late goals. This year we haven't been, we have done the opposite. The xG table had United around 16th last year, and this year we are up to 12th. Shows how bad the squad is, and that regardless of manager, a full overhaul is needed.",analysis,Cites specific evidence (stats / named sequence / tactical mechanism).
"Obviously their league positions are absolutely shameful no matter the context, but the strength of the middle-lower middle table teams is a significant factor playing into it. Man United were something like 15th in the xg table last season, indicating that their underlying performances were bad but they pulled out a bunch of games they should’ve drawn/lost due to opponents being toothless. It’s much harder to get away with bad performances against the teams around 8-17 now. The two other lowest teams outside the relegation zone have players like Cunha, Bowen, Kudus and are good enough to punish big teams when they don’t play well",analysis,Cites specific evidence (stats / named sequence / tactical mechanism).
"You're framing it as people are just buying them for their goals this season which isn't the case. Football teams analysts aren't just looking at this seasons xG and going ""wow, lets buy him now"" And one of the players you mentioned has performed above his xG in 2.5 seasons which I've mentioned.",analysis,Cites specific evidence (stats / named sequence / tactical mechanism).
"You very much missed the point of why I was referencing the xG and their goals. The point wasn’t that lower league teams should be creating as much as they are scoring, it’s that they’re substantially outperforming their xG, which is unusual for them. Now, this could just be a new level they’ve reached and they’ll consistently be able to score at this rate if they receive adequate chances, but typically that’s not true. There are many instances where players will have great seasons and then fail to replicate that same form even after transfers to bigger teams. That was the entire point?",analysis,Cites specific evidence (stats / named sequence / tactical mechanism).
"You can't really look at it that way, you're just not going to find a lower to mid table team with many players with xG of 20+ as the teams just don't create that many chances. Cunha has 2.5 seasons over performing his xG in the prem, the player he's likely to replace say somebody like Garnacho this season has scored 6 from 9.18 and has historically underperfomed in every season at adult football Salah for example is on 28 goals with an xG of 25 but has actually underperformed his xG in the 3 seasons prior to this one. It just finding somebody that can be in and around the xG the team provides and the ability to create their own chances. Plus players like Mbeumo and Cunha bring other things than just goals, such as high assists (or xA), dribbling ability, able to break the lines via carrying the ball or passing.",analysis,Cites specific evidence (stats / named sequence / tactical mechanism).
"Brentford has been using long throws for awhile now, and are by far the most successful club at it. Not only do they have the most long throw ins amongst EPL teams (92 long box throws), they also generate 3.9 xG through long throws, with Crystal Palace in 2nd with 1.1 xG.",analysis,Cites specific evidence (stats / named sequence / tactical mechanism).
"""But but we are the xG champions bro. We won the *we beat Real Madrid trophy* bro""",hot_take,Bold opinion or claim asserted without checkable evidence.
"Honestly so much of artetas issues with this tena would be fixes with a solid striker which we haven't had since aubameyang. All those crosses and through balls need someone with the positioning and ruthless effectiveness at the end of them. We have had too many matches with high xg with constant misses, same issue last year.",analysis,Cites specific evidence (stats / named sequence / tactical mechanism).
"Yeah United were awful before the red card as well, but after that it was really no way to turn it around. Especially not with how Ten Hag seemed to be too stubborn to change things. I forgot Forsters mistakes, but sleepwalking it? THAT is a wild take lmao. They were lucky to be up 3-0. Fotmob stats shows United had more possession (54-46), higher xG (2.56-0.67), more shots (20-9), 1 less on target (5-6), more big chances (4-2).. Spurs could've had 0 goals all game and it would've been deserved. I've also seen GKs getting freekicks for less than what Bayindir should've gotten for when his arm was held down on Sons goal. United winning that game would've been deserved. Regardless, in terms of United EL performances, that's enough to beat Spurs if our attackers manage to be more clinical. And it looks like the bookies hold United as favorites despite the previous results between the teams.",analysis,"Cites full stat line (possession, xG, shots, big chances) -> analysis."
"Original comment was painting this picture that Arsenal are creating a lot of chances but the lack of a proper 9 to finish them is the issue. I’m pointing out that it’s really true, 7th or so in the league for xG isn’t all that great as far as chances created.",analysis,Cites specific evidence (stats / named sequence / tactical mechanism).
We’ve probably got leas xG than Spurs so what does that mean?,hot_take,Bold opinion or claim asserted without checkable evidence.
"They don't need a new striker, that's just them running from accountability. Their brand of football at the moment doesn't really create enough. They're over performing their xG as much as pretty much all top teams, but their chance creation is lacklustre.",analysis,Cites specific evidence (stats / named sequence / tactical mechanism).
"PSG played better. 5 xG? Who cares, xG over a single game matters buying without other stats to accompany it. xG in isolation is so flawed. So Donnarumma saves and it's all on him but players fluffing their shots and penalties isn't on them? Ok buddy.",hot_take,Bold opinion or claim asserted without checkable evidence.
Pretty sure they’re not even top 5 for xG created in the league They’re a strong team and well coached but they have no killers in that team at all,analysis,Cites specific evidence (stats / named sequence / tactical mechanism).
The issue is simple. Theres too much money in PL to play anything but the meta. Best way to not concede? Keep the ball. Best way to keep the ball? Take less risks. Best way to score a goal? Create a high xG chance.,analysis,Cites specific evidence (stats / named sequence / tactical mechanism).
Like I said I’m not saying no one scores them. It’s just with the introduction of xg coaches and managers aren’t allowing players to waste opportunities like that anymore.,hot_take,Bold opinion or claim asserted without checkable evidence.
Exactly an xg is a massive part of that. You think a manager would prioritise tactics that result in a low xg (taking shots from outside the box). No they wouldn’t and would deeply discourage players from doing it just because of statistics. Nowadays you won’t ever get Gerard’s goal in the fa cup final because of this.,hot_take,Bold opinion or claim asserted without checkable evidence.
and how do you think they decide those tactics? by seeing what shots have higher xG.,hot_take,Bold opinion or claim asserted without checkable evidence.
That’s a weird take. The change is nothing to do with XG and far more to do with the managers obsessing over tactics and systems.,hot_take,Bold opinion or claim asserted without checkable evidence.
Does have a point though. The whole introduction of xg has changed the game. Players aren’t going for wonder goals. Not saying they aren’t being scored but it’s a hell of a lot less.,hot_take,Bold opinion or claim asserted without checkable evidence.
Id reads like we ended up like 10th in the league. Dude we won the league by a mile with the highest XG meaning we're creating loads of chances. Honestly this feels like a troll post.,hot_take,Bold opinion or claim asserted without checkable evidence.
"Probably 70% aimed at the PL, remaining 30% at other top level football. Its undeniable that the current 'vogue' in football is keeping the ball between the back, forcing the other team back. This is pretty boring, not only because it stops direct attacking with space and flair, but also because so many teams do it we don't see variety. Neville did some analysis comparing the top PL passers in the 5 years before he retired to the last 5 years. It used to be Scholes, Lampard, Alonso etc, it's now Dunk, Van Dijk, Gvardiol etc. In addition, I'd love to see some analysis on the number of long shots or amount of take ons in the league. I think with the xg maths involved it just encourages a risk free approach to football that takes away the special moments. This is largely the PL that does this, but also some other top teams across Europe. However, I certainly feel that 10 years ago PL football was more entertaining than we saw in Europe, thats now the other way around (in my opinion).",analysis,Cites specific evidence (stats / named sequence / tactical mechanism).
XG has to be one of the worst stats developed to fuel the chronically online,hot_take,Bold opinion or claim asserted without checkable evidence.
"I'm going to die on the ""Actually, he should've won the Ballon d'Or last year"" hill. And it's crazy how close he was to winning multiple trophies last year: \* Bayern far outpaced Leverkusen in xGD (+53 vs +43.7) but Leverkusen ran hot on both shooting (89 goals scored on 73.6 xG) and shot stopping (24 goals allowed on 29.9 xGA), while Bayern ran cold on shot stopping (45 GA on 32,1 xGA). \* Bayern were headed to the Champions League Final as of minute 88 of the semifinal second leg - had the 0-1 scoreline held, they would've faced Dortmund in the final. \* Made the Euro 2024 Final, lost 2-1 to Spain Getting dumped out of DFB-Pokal early was obviously a downer, but even then, they dominated the play and they were ahead 1.88 to 0.68 in xG. So yeah, happy for the guy. He's arguably the best ever English attacking player, definitely the best 21st-century English forward.",analysis,Cites specific evidence (stats / named sequence / tactical mechanism).
"Arsenal had an xg 0,5 higher than PSG. Thats hardly ""almost the same"". Arsenal also missed clear chances, so not sure what your point is. And two of those big PSG chances would probably have been rules out for offside, so their xg would have been even lower if the linesman called it on the field. The penalty isnt clear cut at all. Its not illegal to wrap your arm around an opponent. It only become illegal if you actually prevent your opponent from playing by doing it. I am not convinced that arm actually prevented Kvaratskhelia from playing. The way his legs just stops working at the same time Timber pulls his arm away is likely what made the refs think there wasnt enough force there to constitute a foul. All in all, Arsenal created enough to score, but werent clinical enough. A PSG win and a draw were both deserved outcomes of that match. I fullt expect PSG to take it at home, though",analysis,Cites specific evidence (stats / named sequence / tactical mechanism).
"He’s just another keeper who performs well (conceded negative xG) in a weak team. To rate how good he really is, you’ve got to put him in a better team and also look at his other attributes. IMO, he is an average keeper.",analysis,Cites specific evidence (stats / named sequence / tactical mechanism).
"1. PSG was 5-1 up and put their foot of the gas, conceding 2 deflected goals. 2. PSG and Arsenal have almost the same xg. PSG missed 2 clear chances and deserved a Pen. PSG was the deserved winner of that game. Also define what job mean by lucky. They deserved to win against every Premier opponent and idk how you could argue otherwise. If were talking hypotheticals PSG should’ve put 5 past Liverpool",analysis,Cites specific evidence (stats / named sequence / tactical mechanism).
Their best chances were also offside btw which contributed to their xG. They didn’t really anything clear cut that was actually onside.,analysis,Cites specific evidence (stats / named sequence / tactical mechanism).
Take away Martinelli’s 0.83xg chance that looked like it was offside anyway and they would’ve had better xG PSG were clearly the better side I dunno how anyone that watched that could say otherwise,analysis,Cites specific evidence (stats / named sequence / tactical mechanism).
They conceded 3 1 v1s lol and had less xg. They were good for 30 mins but did nothing after that until the 80th minute,analysis,Cites specific evidence (stats / named sequence / tactical mechanism).
"Created more big chances than PSG, had more shots on target, created more Xg. We weren't amazing but people are acting like we wrote taking apart like Liverpool were.",analysis,Cites specific evidence (stats / named sequence / tactical mechanism).
"I think Forest is the most likely to have a Newcastle 23/24 season. They are already overperforming their xG for and against by a massive margin, which isn't the be-all end-all, but it does suggest that they won't be as great in the long run. I hope I'm wrong, because they embody everything that makes the Premier League great.",analysis,Cites specific evidence (stats / named sequence / tactical mechanism).
You clearly did not watch the match and just saw the highlights on your break. Their xg was 5.33 excluding penalties. Outclassed in both the wide and central areas. Just lucky that Alisson had a monstrous game,analysis,Cites specific evidence (stats / named sequence / tactical mechanism).
"I don’t think we do. We had the lowest xG in the league, we were getting progressively worse and all our best players got injured after he left and he played our easiest fixtures. We were also unable to spend any money due to our board mismanaging our finances so badly for years. If you look at our results under Cooper we only drew with Ipswich and beat Southampton after they went down to ten men. We scraped a 1-0 win against Bournemouth because they couldn’t finish despite playing us off the pitch.",analysis,Cites specific evidence (stats / named sequence / tactical mechanism).
"I'm almost inclined to say Nuno. Simply because of how shit Forest actually are. They are fucking terricle to watch. They are bottom 7 on xG and their performances show they should be 14th on xPTS. Yet here they are. A cup semi final and competing for Champions League football. It's not even a Leicester style story. Leicester had one of the best attacks in the league that season and performances meant they should have finished top 4 at the bare minimum. Slot really has done a great job. But that Liverpool team has the best goalkeeper in the league, the best centre back and the best attacker. And at this very same stage last season, were still in a title race (3 points off top).",analysis,Cites specific evidence (stats / named sequence / tactical mechanism).
"These are just PL stats Palmer Total minutes played: 2750 Total G/A: 22 (14+8) Total xG: 15.56 Total xA: 7.90 Saka Total minutes played: 1460 Total G/A: 16 (6+10) Total xG: 5.91 Total xA: 6.83 I think a ""goal draught"" is less of an excuse than ""biggest injury of his career"" but I'm an Arsenal fan and might be biased.",analysis,Cites specific evidence (stats / named sequence / tactical mechanism).
"If Liverpool get \~90pts just proves their underlying stats are excellent, irrespective of other teams. Notable Liverpool have solid xG even when they don’t get the result eg Win and a good number of clean sheets in defence. Adaptable style also and game management is very flexible along with solid goal attempts each game. Arsenal match Liverpool except if you look at the glaring flaw: No top striker goal contribution compared to Salah, Isak and Haarland and even multiple other teams with higher contribution strikers. That basically explains Arsenal’s failing over a full season.",analysis,Cites specific evidence (stats / named sequence / tactical mechanism).
There were remanants pf Poch's style in the first half of this season. But as Maresca gradually coached Maresca ball into them their average possession has increased but they generate less xG than before.,analysis,Cites specific evidence (stats / named sequence / tactical mechanism).
"It's not even that, they are massively overperforming xG this season. It's not like they have some really incredible players like leicester had, most of their players are not top 6 level. It's likely they revert to normal form next season.",analysis,Cites specific evidence (stats / named sequence / tactical mechanism).
"Forest are massively overperforming xG, like to a ridiculous extent and that simply isn't sustainable. You simply should not have that many goals because you don't create that many good chances, this can be accredited to great finishing and form of chris wood in particular but at 33 years old he just won't continue this. Chelsea have the opposite issue, we are massively underperforming xG and in our case it is fairly simple, we need a more clinical CF and a LW. Additional goals will be provided by santos and estevao as well so that will be solved next season. Forest on the other hand already are at 87% of revenue being spent on wages, they can't afford to be adding to the team at least not without selling first.",analysis,Cites specific evidence (stats / named sequence / tactical mechanism).
The XG is irrelevant. I think only Leicester and Man City had scored in every game by the time he went. Now you never score,hot_take,Bold opinion or claim asserted without checkable evidence.
"I couldn’t see us being on any higher than 22 with the lack of quality in the squad and with how he alienated a lot of the players very early on and we still had a lack of goalscoring threat, we had the least xG in the league when he was managing us.",analysis,Cites specific evidence (stats / named sequence / tactical mechanism).
I agree. But people act like xG is everything.,hot_take,Bold opinion or claim asserted without checkable evidence.
Found the xG virgin,reaction,"Emotional/expressive, joke, or insult with no claim to defend."
Also lucky with way way outperforming their xG. Chris Wood is good but he’s putting Kane level G-xG this season.,analysis,Cites specific evidence (stats / named sequence / tactical mechanism).
"Also they are massively overperforming xG, that's just not sustainable.",hot_take,Bold opinion or claim asserted without checkable evidence.
"Hate to be a stats nerd, but statistically speaking in terms of xG, xGA, chances created, chances conceded, shots and shots against, we are one of if not the best team in championship history",analysis,Cites specific evidence (stats / named sequence / tactical mechanism).
We did beat both of them last season and have better finances than certainly Ipswich and I think Leicester. Our owners have more experience in managing large scale sports clubs. I don't think anyone is after our manager a la Leicester. Plus compared to Ipswich we were performing much closer to our xG and xG against.,analysis,Cites specific evidence (stats / named sequence / tactical mechanism).
"Great visualization of the numbers! As a Liverpool fan, I think we don't even need this data set to know we are wasteful with our chances, feels like almost every game that we under scored our xG 😭",reaction,"Edge case B: mentions xG but dominant intent is emotional ('feels like', emoji) -> reaction."
"I'll start by saying this isn't intended as a pissing on your chips post, but you explain the how, but not the why. I love interesting ways to use stats, but I can't get my head around what the outcome of it all is. It stands to reason that teams creating better chances are scoring more goals, and if they aren't, they are underperforming. Which is sort of what xg does. You appear to have just put a higher bar on what counts as a chance (the &gt;0.3 part) for the purpose of the post. The things that interest me from the stats are why some teams are scoring more of their lower xg chances or a breakdown of more than just &gt;0.3 looking at which teams create the biggest big chances. Creatively, it is far more than I can do, so I commend that. From an analysis point, it doesn't really tell me any more that xg and goals scored would.",analysis,Cites specific evidence (stats / named sequence / tactical mechanism).
"No it doesn't. xG shows that Spurs dominated Frankfurt in the first leg, and in the second leg we bought on two defensive players in Sarr and Danso for Tel &amp; Johnson because we were confident of seeing out the game. Your claim that Tottenham should have gone out and were luck is disingenuous and disrespectful. Frankfurt were lucky they didn't concede 4 in the first leg. Tottenham were the better team over the two legs and never looked out of control of the tie.",analysis,Cites specific evidence (stats / named sequence / tactical mechanism).
"xG shows that these were two pretty evenly matched teams. On paper though Spurs should have dominated. Their budget is 5 times bigger then Eintracht's. And yes, they were able to keep the clean sheets. But you have to thank Christensen for that as he did more then the entire Spurs defensive line up to keep the ball out of Tottenham goals.",analysis,Cites specific evidence (stats / named sequence / tactical mechanism).
"Over the two games, Spurs xG was 2.98 Frankfurts was 2.75. Tottenham hit the woodwork twice in the first leg and their GK got MOTM. Most of their chances came in the final 20minutes when we had decided to sit back and defend the 1-0.",analysis,Cites specific evidence (stats / named sequence / tactical mechanism).
"Such bias against Spurs. Over the two legs we were the better team and created more xG. Although they had the better chances last night, we shut them out for the most part with a solid defensive display.",analysis,Cites specific evidence (stats / named sequence / tactical mechanism).
"I disregard “this is our year” stuff, god forbid fans are optimistic about their team. But always making it about Liverpool stereotype is quite prevalent online, where people similar to OP reply to a post or most often a Tweet/BlueSky post which doesn’t concern them in the slightest. Like an Arsenal-focused journalist posting for Arsenal fans saying “Arsenal created lots of xG against this opponent and played well” there’d be a Liverpool fan saying that Liverpool created more and played better against that opponent. That’s the stereotype I was talking about.",hot_take,Bold opinion or claim asserted without checkable evidence.
"Because we're lovable Geordies, we like a few beers and the craic is great. We're not quite English and we're not quite Scottish. Sometimes if things go wrong a horse gets punched, there's a kind of chaotic energy about St James that's addictive. Also we hadn't won anything in ages despite having a large fan base, then there was Keegan and Sor Bobby and even Joe Kinnear, if nothing else it's always \*interesting\* up here. I think we also attract casuals \\ floating fans because we tend to play attractive high pressing football and often have in the past. There's a romance to a fallen giant club and sometimes people like to see the story play out. Then there's the midfield magnificence of Sandro Tonali(ole! ole!), the calm precision of Bruno, the unbridled storm that is Joelinton and then there's big Dan Burn - local lad scoring in a cup final, Roy of The Rovers stuff, isnt it, hmm?",hot_take,Bold opinion or claim asserted without checkable evidence.
It’s been a poor season as a spectacle as there is little to nothing for most teams to play for going into the final weekend. I also think we’re possibly coming to the end of a cycle when it comes to the heavy pressing style of play and fans are getting bored of the majority of the league playing such similar tactics.,hot_take,Bold opinion or claim asserted without checkable evidence.
"No one is saying sign only teenagers, but signing several players at the tail-end of their careers is a short-term fix. We’re not a retirement home. You can’t expect to play intense, high-pressing Prem football with players on the cusp of losing their legs.",hot_take,Bold opinion or claim asserted without checkable evidence.
Pep is a genius and if he rebuilds city regardless of spending I think it will cement him as one of the best managers ever (as long as he gets a few more champions league trophies). That said I fucking hate pep ball it’s so boring and slow it’s literally the equivalent of slowly contracting your opponent to death. He sucks all the joy out of wingers with the constant cut backs and recycling city are so good at pressing they should just take more risks instead of the constant slow passive recycle recycle recycle. At this point they may as well call themselves the Green Party.,hot_take,Bold opinion or claim asserted without checkable evidence.
"Did he? You know what he thought? All thats happening is hes winding all of you right up, Liverpool fans should be talking about tge league they just won but i hear nothing about it, youre so triggered by everything he says its hilarious. Haha you want to count managers? Shall we talk about King Kenny? I know it hurts but if hes just pressing play on klopps squad its not the same as arteta having to do a rebuild. I know you dont agree but how can you when your head is all the way up your own ass?",hot_take,Bold opinion or claim asserted without checkable evidence.
"Again... you think they are ""quality"" simply because your standards have massively dropped. Yeah sure, you have more pressing concerns in your squad right now l, but you basically need an entire starting 11 maybe apart from Bruno and Garnacho, to get back to being an elite team.",hot_take,Bold opinion or claim asserted without checkable evidence.
"6 wins 6 draws 13 losses is dog shit, it's no good banging on about systems and players not suitable he's created this narrative himself and basically allowed the players to write the season off... The squad isn't great but it's not a 16th in the table squad.. He hasn't bettered any aspect of our play, not attacking, pressing, defending nothing.. He's made no impact whatsoever in terms of player improvement.. He's shown nothing to warrant even being here next season, I am dumbfounded by the pass he's getting because he doesn't apparently have the players suited to the supposed glorious system of him, it's fcking bizarre...",hot_take,Bold opinion or claim asserted without checkable evidence.
You don’t know about pressing it’s kinda important these days so yea it’ll win you the prem,hot_take,Bold opinion or claim asserted without checkable evidence.
"They had a ready built squad with vvd and salah on the forms of their life, you think they knew salah and vvd would turn in to what they are when they bought them, no. We'll see what Slot does next season when hes not just pressing play on Klopps winning team. See how he does when he doesnt have the cheat codes enabled. I didnt say we were, and arteta has been backing it with results but not every team qins every year, its like you dont understand football, just an ego trip",hot_take,Bold opinion or claim asserted without checkable evidence.
"It is absolutely being massively overlooked because of both clubs’ advancement to the Europa League final. Losing the final will be the cherry on top of the absolute disgrace of a season for either team. I understand the general consensus that Tottenham’s injury crisis serves as a better excuse for their piss poor league performance, but I’m not entirely buying it either. Ange has been at the helm for two seasons now and so far, it’s been one injury after another, and to crucial starting XI players (Romero, Van de Ven, Son, etc.). At some point, you have to change your tactics to accommodate the for the players’ physical well-being, and running them ragged every game by pressing high and playing non-stop, maximum-intensity for 90+ minutes a game is going to result in injuries galore. Spurs’ performance against Palace was absolutely appalling.",analysis,Cites specific evidence (stats / named sequence / tactical mechanism).
It is moronic . We got the same this year against Liverpool. Yes we did try and also score. But no we aren't trying to sucked in to pressing your centre backs. If you want to have a go at scoring then punt it into the box or shoot.. not the defending teams fault you want to walk it in,hot_take,Bold opinion or claim asserted without checkable evidence.
">so really this was the most pressing position to fill. I would counter and say that both are pressing needs and both will be addressed this transfer window. And even if people believe the striker is the great need of the two, that shouldn't mean this gets put on the backs held until a striker is sorted. One shouldn't impact the other. Get both done as soon as practically possible.",hot_take,Bold opinion or claim asserted without checkable evidence.
"Partey hasn’t renewed yet and Jorginho has left, Rice is way better as an 8 so really this was the most pressing position to fill. Still have Havertz and Jesus. Firepower up front can be improved but if everyone is healthy it can compete as seen last two seasons.",hot_take,Bold opinion or claim asserted without checkable evidence.
"I think we need to upgrade Martinelli, and I believe that has been a goal of Arteta's for some time (read: 100m bid on Mudryk). His pace, and defensive pressing, will make him a great super sub if he wants to stay. Despite his recent form, I would also let Partey go. Every other year he's been injury prone and let's not ignore the fact that the SA allegations are a dark cloud over the club. With him an Jorginho leaving we would maybe need two players here unless Arteta plans to rotate MLS through this position. Zubi/MLS/Rice on the depth chart? Then you add a striker who can make an impact against low blocks and our squad is well-rounded. Plenty of rotation through the back line and players who can rotate through MF/Front three. Barring injuries, the squad will be scary.",hot_take,Bold opinion or claim asserted without checkable evidence.
"Not every game is like that though, is it? Fulham at home, despite the result, was absolute domination after conceding + the red card. 3/4 Spurs games this season we’ve dominated with huge score lines. These were intense pressing, lots of attacking sort of games. In addition to those, there’s also been games where we dominated in a different way. City, Madrid, Newcastle at home we dominated those entirely. Controlled the game and we’re defensively very strong. I personally like Slot’s style. Yes he prefers a slower build up and controlling the game as opposed to gegenpressing, but he’s also shown that the team is still extremely capable of playing like a typical Klopp team when they want or need to. He seems like a very flexible manager, and I don’t think there’s a need to be concerned about how we’ll fare in Europe - we only went out this season on penalties, to PSG, who look like they may go and win the whole thing.",analysis,Cites specific evidence (stats / named sequence / tactical mechanism).
"Also, the pressing in Prem is with higher intensity and progresses a few seconds faster than in La Liga.",hot_take,Bold opinion or claim asserted without checkable evidence.
"He doesn't seem to understand that thousands fundamentally change modern football. The current vogue of high pressing, possession squeezing football relies on a high line. That high line is already vulnerable but this change would make it untenable. Teams would have no option but to sit further back and not press up as much. Some of the most exciting recent games (including last nights) would never have happened with this rule change. Wenger is obsessed and has serious tunnel vision with this. Football would be much worse off if he gets his way IMO.",analysis,Cites specific evidence (stats / named sequence / tactical mechanism).
"Yeah I agree, mostly cause of how they play, high tempo and pressing. And there’s just something about European games that makes it more exciting. Like look at United, their matches have been pure entertainment. The intensity in Europe is mad.",hot_take,Bold opinion or claim asserted without checkable evidence.
"Salah's athleticism has been declining for a few years now, his output has increased because of better positioning and agreeing with Slot to be left out of more defensive duties and heavy pressing, along with a more focused approach on chance creation. Fullbacks have the worst drop off in performance almost universally because they're the most reliant on pace and athleticism (which is the first thing to go as a player gets older)",analysis,Cites specific evidence (stats / named sequence / tactical mechanism).
"As a Spurs supporter, he has to go if he won't change his system (he won't). His pressing style is suicidal in the PL. You can't commit 6 players forward into the final 3rd, including 1 of the fullbacks who charges forward way out of position, even some of the worst sides in the PL are capable of playing through a press and then Spurs are wide open. This worked in Scotland, Japan and Australia because those sides were just suffocated by Angeball. Watch the highlights of West Hams goal today. You can see the moment I'm talking about, when they beat our suicide press, and they are just free to hit us on the counter because we are wide open.",analysis,Explains a pressing mechanism and points to a named goal as evidence -> analysis.
"He's just not that suited for the pace &amp; pressing of the Prem. He needs time on the ball to be effective, which he gets during set pieces but doesn't get otherwise. He'd be an absolute monster in Serie A though. I've never understood why he's hasn't been linked with a move abroad.",analysis,Cites specific evidence (stats / named sequence / tactical mechanism).
"I’m sure the kids will want to show the manager what they can do but it won’t be our strongest team and with the best will in the world, mentally it is can never be the same. Even a 5% drop off is a huge difference especially with the pressing game. For us it’s like having four last games of the season when you are mid table and have zero to play for, the mind starts heading off to the beach already l!",hot_take,Bold opinion or claim asserted without checkable evidence.
"I think they'll drop off like they did last time they were in the Champions League. I think Eddie Howe is a lot like Brendan Rodgers, good manager but only able to succeed playing high aggression intense pressing football which can't be sustained over a 60 game season. Always has a good season when not in Europe followed by a bad season when in Europe.",analysis,Cites specific evidence (stats / named sequence / tactical mechanism).
"Nope, watching in 2025, Maguire is still shite, United’s standards just slipping more and more, and defending more in a system that suits him (5 back, deep block) Once Amorim wants to move back to his proper system with high pressing, mobile CBs, Maguire will once again be exposed If a player keeps getting injured, maybe it’s something deeper than just bad luck, maybe the player is actually injury prone, and it’s an issue that can only be solved by replacing them Especially when that player just flies into every challenge with no care for his, or his opponents safety Mazraoui was brilliant for you guys as a fullback, your best player, I’m not denying that, I’m just saying I’ve not been anywhere near as impressed watching him play at CB, because he just doesn’t play there naturally, he’s better than other options you have, because your options aren’t great, but again, Amorim will want proper CBs who understand and can execute the system",analysis,Cites specific evidence (stats / named sequence / tactical mechanism).
"we appointed moyes because he played a classic 4-4-2 and counter attacking football like fergie at everton then appointed van gal to play possession based as game was evolving then appointed jose who parks the bus but at least he guarantees trophies then appointed ole who played on fast counter attacks and because ""counter attack is in our dna"" then appointed ten hag to play high pressing build up from the back with a focus on possession because pep and klopp were successful with that and then appointed amorim who plays 3 at the back with specialist wingbacks as new upcoming managers like inzaghi and xabi are also doing that all 6 full time managers with very different philosophies and now if they sack amorim we will again probably go for a 4 at the back manager giving him another 200m of signings for a few windows and waiting for results to come, this is a toxic cycle which will never end until the club decides which philosophy they actually want to stick to",analysis,Cites specific evidence (stats / named sequence / tactical mechanism).
"Chelsea vs Tottenham is absolutely a fierce derby, I'd even say over the past 10 yrs its been a more charged derby than the North London Derby, think of moments like the Battle of the Bridge, Tuchel vs Conte handshake, 9 man Tottenham high pressing after two players sent off, etc",hot_take,Bold opinion or claim asserted without checkable evidence.
"It’s really not. A huge reason Chelsea are in this position is because the team was still playing pieces of Poch-ball without Maresca’s system being fully implemented. This meant attacks were quicker, pressing was more efficient, and wingers weren’t constantly 1v2/1v3z Now that it has been, it’s been absolute shit since January.",analysis,Cites specific evidence (stats / named sequence / tactical mechanism).
I feel Amorim has done a decent job. In the first half against Lyon you saw glimpses of what he wants with the pressing and passing. Even in PL there are sequences where we outplay superior teams for 30 odd minutes. At the moment I feel this team is incapable of following the tactics for a full 90 minutes. I'd say the template sounds awfully similar to Jurgen Klopp's Liverpool in the initial days where the tactic was to soak up pressure and hit in the last few minutes. I know that's an extremely lofty comparison to make but I want to see Amorim's system atleast for one full season. Besides who else is gonna use a 3 at the back in the short term? You'd need to gut the team again.,analysis,Cites specific evidence (stats / named sequence / tactical mechanism).
"Would love him but: 1) our SDs would never ever ever go for it because of his age profile, and 2) the only place he fits into maresca’s “system” is where Cole is currently playing. Not sure if KdB is up for all the running / pressing that requires, or if Maresca’s got the tactical wherewithal to fit both of them into a cohesive XI together. Otherwise it would just be a waste.",hot_take,Bold opinion or claim asserted without checkable evidence.
"That's how they operate, though, isn't it? I remember Ole being associated with a high-pressing, offensive setup before he arrived at Man United, and he left Man United being associated with counter-attacking, occasionally negative football and the ""no game plan"" that seems to haunt every Man United manager eventually. The only explanation is that he had to adapt to the team at his disposal, as opposed to the other way around. And that's what happens when a club becomes a revolving door for managers. Van Gaal and Mourinho were never going to set the club up for entertaining football, and yet the decided to hire a manager with a completely different approach to tactics while seemingly ignoring the squad composition 😅 Contrastingly, it makes perfect sense that the Klopp - Slot transition was more seamless. I imagine Rangnick would've handled Liverpool well also, considering they've already got the types of players that he likes to work with.",analysis,Cites specific evidence (stats / named sequence / tactical mechanism).
"Honestly, I think people are underrating Amorim big time. What he’s built at Sporting with a tiny budget is exactly what United need. A clear identity, structured pressing, and youth development. ETH had nearly two years and still couldn’t implement a coherent system. At least Amorim stands for something. It’s a risk, sure, but every managerial appointment is. Arsenal fans were calling for Arteta’s head after 18 months too, and now they act like he invented football. The difference is United are backing someone before the hype, not after. If INEOS gives Amorim the right tools, this could finally be the reset the club needs.",hot_take,Bold opinion or claim asserted without checkable evidence.
Not an expert but the basic is 3 at the back with strong wing backs being very important in the system. Possession based with high pressing but this hasn’t happened at United as they don’t have the quality to hold possession or the discipline to press high,analysis,Cites specific evidence (stats / named sequence / tactical mechanism).
"I mean everyone knows they are shit, gonna have to sell players then buy over 100mil worth of players to fit Amorim’s system. At least as a spurs fan we have a bunch of kids that look promising and if we stick to a coach with a similar pressing system we will be fine or roll the dice with ange if we win EL. They are in such a worse state than we are it’s amazing but with the way things look for both clubs we will just choke away the chance to face each other in Europe.",hot_take,Bold opinion or claim asserted without checkable evidence.
"I don't think anyone will be stupid enough to buy him. He gets huge credit for a spell where he got so lucky players were literally just belting the ball at him and it would bounce off him into the net. He has a worst first touch than fat Lukaku, constantly tries to wrestle with defenders he's weaker than, has appalling movement in the box, and his idea of pressing is a light jog vaguely in the direction of the opposition.",analysis,Cites specific evidence (stats / named sequence / tactical mechanism).
"I agree largely but with some exceptions. Joelinton is probably the most important of the 3 when we play tougher opponents like City, Liverpool and Arsenal. His physicality, defensive contributions and pressing are all valuable when we need to play good out-of-possession football to win games and this seems to up our performances against the better sides. However, his relative shortcomings with dribbling, shooting and passing tend to stand out when playing mid table or lower table teams. KDB would be the exact opposite in those instances.",analysis,Cites specific evidence (stats / named sequence / tactical mechanism).
"Our right back is the league's most in-form left back, our backup winger is gluing Anthony Gordon to the bench, our horrendously bad striker from 5 years ago is one of the league's best pressing midfielders, two of our goalscorers were in 19th place with our pre-Eddie pre-PIF squad and both of them are player of the season candidates pushing for top 3, and our Assistant Manager is on course for the Premier League manager of the month. If this was on your bingo card, you're a crackhead and I love you.",analysis,Cites specific evidence (stats / named sequence / tactical mechanism).
"That’s the kind of opinion people who’ve not been watching football for very long have. Also they are completely different clubs. Spurs, it’s very clear that failure at Tottenham does not impact future career options. We are also still a well run club. We have a young squad with a lot of talent &amp; there is no reason we cannot quite quickly return to around 6th. Prior to this season we were: 5th - 8th - 4th. The currently league position is clearly down to a bad manager being incapable to mitigate a massive injury crisis + us having a squad that’s too young and didn’t have the depth for Europe. Next season we won’t have Europe and those young player will have a full season of football behind them. Any decent manager that plays 4/3/3 or 4/2/3/1. With a focus on pressing &amp; playing out from the back &amp; developing young players, should be looking at this Tottenham job as a golden opportunity.",analysis,Cites specific evidence (stats / named sequence / tactical mechanism).
"General intensity of the game , physicality on corners etc , pressing etc you can’t compare",hot_take,Bold opinion or claim asserted without checkable evidence.
"Going in with 4-4-2 was an arrogant decision. They were setup to just rely on Vini and Mbappe’s pace in behind for a counter and betting that Arsenal won’t be able to create enough good chances or convert them to score. In their defense, in almost worked for an hour but then Arsenal ramped up their pressing intensity and created more chances and Real made no change at all. Still I predict Real will score 4 at the Bernabeu to nick it.",analysis,Cites specific evidence (stats / named sequence / tactical mechanism).
"The quality of the championship has improved the last few years in terms of the top teams now playing like top teams (high possession &amp; pressing) as opposed to 10/15 years ago where a few good players and a Dyche/Pulis/Bruce system would keep enough clean sheets to get you up. However, because of this and the vast gulf in monetary capabilities of the 17th best prem side and a championship team, these teams need to come up with a flipped change to an underdog strategy/approach to each game. If you come up intent on playing positive football, you’re almost always going to come up against a team better at doing what you’re trying to do. Teams have to do something else entirely to maybe find enough ways to win. But keeping a dressing room and fan base on side with being negative home and away is tough these days. Second balls, a physical side, a pacey outlet and solid backline offering 10 set piece goals a year, might be enough of a foundation to push on the following years.",analysis,Cites specific evidence (stats / named sequence / tactical mechanism).
"I mean I’m a Liverpool fan so maybe I’m biased but Under Klopp, Liverpool’s high-pressing, attacking style and relentless energy and goal-scoring prowess, has been widely acclaimed for its entertainment value. In contrast, despite Manchester City under Pep Guardiola achieving comparable goal tallies, their methodical and possession-focused approach has been perceived by some as less thrilling and, at times, monotonous.",hot_take,Bold opinion or claim asserted without checkable evidence.
Early on in the season you could tell they had a pattern of play or were more controlled. That “control” that they were lauded for has turned to laziness or just lacking creativity and aimlessly passing the ball around. Their midfield looks disjointed. There isn’t even a pattern to their pressing cause they’ve struggled to even win back possession. It just all feels like no one’s on the pitch knows their role suddenly or what they should be doing.,analysis,Cites specific evidence (stats / named sequence / tactical mechanism).
"He’s been one of our best players this season tbf, his holdup and linkup play have been fantastic as well as his pressing off the ball. It’s Ange’s tactics that are at fault for his modest goal contributions (as well as significant time spent injured)",analysis,Cites specific evidence (stats / named sequence / tactical mechanism).
"100%. This generation of players have been molded to fit systems, and if they dont, theyre cast aside and left to figure out their own path. Its destroyed so many natural talents. Why dont we have any Shearer, Rooney, Eto'o, Henry, Torres, Owen, Heskey etc? Theyre all gone and turned into pressing machines",hot_take,Bold opinion or claim asserted without checkable evidence.
But heavy pressing will cause players to fatigue?,hot_take,Bold opinion or claim asserted without checkable evidence.
This is why everyone preferred to watch klopp’s Liverpool over city as boring tiki taka is nothing compared to heavy metal pressing,hot_take,Bold opinion or claim asserted without checkable evidence.
I watched all these games. Sometimes when you force an opponent to make a mistake it’s actually because you forced the mistake by pressing and being aggressive. The point is that non of these incidents that I mentioned have anything to do with such a scenario. People won’t like to hear it but it’s luck. Is it their never say die attitude that caused the referee to ignore Benzema’s foul or was it luck? Was it their never say die attitude that caused Alvarez to slip and take a double touch or was it luck?,analysis,Cites specific evidence (stats / named sequence / tactical mechanism).
"In Dyche's first promotion season with Burnley he played the high pressing style. He ditched it in the PL because as Kompany proved, it doesn't work so well against better players.",analysis,Cites specific evidence (stats / named sequence / tactical mechanism).
"Nah he was actually good. Not amazing, but good. He regressed in his final year in Chelsea but before that he was a really high workrate player, pressing constantly, surprisingly fast, decent ball winner and carrier, had an eye for goal and wasn't injury prone. Won their player of the year twice remember. You can't force that, if you're not good enough you're not good enough no matter how many corners or free kicks you take.",analysis,Cites specific evidence (stats / named sequence / tactical mechanism).
"I could see Bournemouth winning the FA Cup, one of the best pressing teams at the moment and the only team who could deal with it city are having a shocking season",hot_take,Bold opinion or claim asserted without checkable evidence.
"Watch a noughties Prem game at random and the standard is dreadful. No build up play, no real pressing most of the time, overly direct, defenders who treat the ball like a grenade it's all there on footbalia and youtube, you watch like Wenger's Arsenal even and they'd be made into mincemeat by a Brentford or Palace now who'd press them off the pitch and kill them in transition",analysis,Cites specific evidence (stats / named sequence / tactical mechanism).
maybe not. But he would have put in a better shift tracking back and pressing. Sancho was pretty much non existent.,hot_take,Bold opinion or claim asserted without checkable evidence.
"Ah I see. Yeah, I wouldn't be against it, but I think we have far more pressing issues and tbh, I really like our base three midfielders as is. Unfortunately, like I have warned countless times to empty ears until the last month in our fanbase, we *driving Gravenberch into the ground* and while not utilising players who whether started or came off the bench last season (Elliot) I would still be hesitant to pay whatever Chelsea would demand (150+) for a player with one very good season that is very spotty against the Top 6 clubs if you deep it, and hasn't had to be concerned with performing in UCL for Chelsea. If he performs next season with.. I presume UCL football behind him and still wants to move, then we can talk.",analysis,Cites specific evidence (stats / named sequence / tactical mechanism).
"Old Jim really knows how to hit you with those hot takes on current, pressing situations. Next thing you know he’s gonna say that Neville Chamberlain made a mistake with the Munich Agreement or maybe tell us it’s a bad idea to let Jimmy Saville babysit your kids.",reaction,"Emotional/expressive, joke, or insult with no claim to defend."
"I am a Liverpool fan. Klopp full on pressing and always running to the opposition never helped either, imo. Then when he brought up the high line 2 years ago, it got worse. Time will tell, but it looks like Slot tweaks to Klopp's system are able to keep the team injury free. Things like timed pressing, calm approach to attacks and being able to sit back and rest with the ball.",analysis,Cites specific evidence (stats / named sequence / tactical mechanism).
"Not to make excuses but that literally almost never, ever happens. As an Arsenal fan, all season long I see Saka get 2-4 defenders on him at ALL times. Salah is standing on the half way line with 1 defender waiting for his team mates to win the ball from a corner then hoof it up to him and he's on his own. For one of the best players in the world, it's absolutely hilarious how little this guy gets 2-4 defenders pressing him.",analysis,Cites specific evidence (stats / named sequence / tactical mechanism).
"Mane was always better than him, he did the hard work creating chances pressing and dribbling while Salah waited in the box",hot_take,Bold opinion or claim asserted without checkable evidence.
Yeah man a number 10 being lazy at pressing and getting back into position will cause the richest team in the league to completely collapse,hot_take,Bold opinion or claim asserted without checkable evidence.
"I think he keeps pressing him and asks a lot of questions fans wanted asking, I think he did a good job.",hot_take,Bold opinion or claim asserted without checkable evidence.
"Pressing. Pressing. Pressing. It forces the team in possession to make blunders and so a lot of goals will be super quick counters where the build up ain’t exactly Brazilian flairful surgical takedown of a defence it’s just a sign coaching. I can see VAR being a factor. Even if it doesn’t get used the discourse around it has become so toxic people just subconsciously anticipate after every goal to see the big board flash up with the three letters. Also tactics play a little role. A decent chunk of goals will be from a team transitioning from comfortable possession to a midfielder pinging a ball out wide to a full-back running down past the opposition Defense, whipping a quick cross in, and it gets coolly tucked home by whoever gets on the end of it. That’s a basic template for 25% of goals you’ll see nowadays. It’s why any left back or right back is almost demanded to be good at attacking because it’s a fundamental key thing to breaking down defences.",analysis,Cites specific evidence (stats / named sequence / tactical mechanism).
"Now, it’s all about system-based forwards, tactical pressing, and team play over individual brilliance. The art of the solo goal has faded. Strikers like R9 don’t exist anymore. Strikers who attempt to pick up the ball from midfield, glide past defenders, and score with flair will be considered selfish. If they don’t score, there’d be 1000 YouTube shorts with red arrows pointing to all the players they could’ve passed to. Pep and Arteta will 100% bench those players.",hot_take,Bold opinion or claim asserted without checkable evidence.
"Intense pressing, lots of running, combative tacking to win the ball back. Love Klopp, but he took years off of Fabinho's career. Didn't do a world of good for already injury prone players like Ox or Thiago either.",hot_take,Bold opinion or claim asserted without checkable evidence.
"If you join a team a new manager should at the very least improve some aspects of play, be it pressing, attacking, defending just something.. he's done fck all but harp on about players not being suited to some amazing system of his..",hot_take,Bold opinion or claim asserted without checkable evidence.
"Him being a Liverpool fan absolutely makes it more likely because he knows the interest is/was there and he did the same at Everton once he knew a bigger club were in for him. I agree that there is other pressing issues that need to be addressed but like I’ve said a million times, we have no idea what will happen in the summer. I personally think that 2/3 of Diaz /Jota and Nunez will leave and as good as Rio is, I don’t think he’ll be a serious first team option until he’s at least 18/19 which is 2+ years time. Diaz also only has a year left on his contract, and if you want to talk about priorities, he’s far down the list in terms of the contracts we need to sort so I can definitely see him being sold this summer. If you don’t think Barca then fair enough but it’s a very genuine possibility he goes.",hot_take,Bold opinion or claim asserted without checkable evidence.
"Only reason it was on the menu was because Newcastle instigated it to get around PSR, the negotiations were held before Slot had arrived and fell through before he'd had any input. I don't think him being a Liverpool fan really makes it anymore likely, he's only 2 years younger than Gakpo and there are more pressing issues in the squad. Salah is 32 we need to be thinking about life after Salah, Robertson is past his best, DM still needs sorting a proper striker might still need signing. Why spend the £80 mill + that Gordon would go for to only be a rotation player when that money would be better spent elsewhere, and on more complete players? Gordon's fee would need to be drastically lower for him to be in contention, and he'd also be an unnecessary hurdle for Ngumoha's development.",analysis,Cites specific evidence (stats / named sequence / tactical mechanism).
You must have some really low self esteem to keep pressing on with trying to insult other people’s intelligence. Really weird behaviour.,reaction,"Emotional/expressive, joke, or insult with no claim to defend."
"I always think these things should be segmented. is he their best all around player? How's his pressing and defensive stats? Can he ping around passes like a Gerrard? He's mint at what he does, no doubt but who would win 11 Salahs Vs 11 Gerrards? My money would be on Gerrard. Greatest ever forward, absolutely, greatest player? Depends.on how you perceive the question I suppose.",hot_take,Bold opinion or claim asserted without checkable evidence.
"The moment partey leaves, and arsenal will win the titles it deserves. But on a serious note yeah partey is useful vs top 6 teams but completely useless against low block or compact pressing block like newcastle and aston villa. Slows the game too much i prefer jorgi.",hot_take,Bold opinion or claim asserted without checkable evidence.
"I don’t know about lucky. Liverpool have had really bad luck with referees for a few years now. I know other teams get it aswell, but the way Liverpool are refereed is like death by a thousand cuts. Obviously VAR sorts out, or should sort out, the major decisions. The ones in the middle of the park are still up to the referee and don’t get any scrutiny. If you have more possession, but also lose more fouls how can you be lucky. I actually think it’s one of the minor reasons Klopp left. There’s not much point in pressing if the ref brings it back for a foul so often.",hot_take,Bold opinion or claim asserted without checkable evidence.
"You’d be mad not to agree. We’re robbing Ode and our wingers of the slightest possibility of space for creation without one. No one pressing or pulling the defensive line. No runs in behind. Nothing. Tired of our midfielders having to pass it outside for nothing to happen. With a PURE striker, at least you get a different attacking dynamic. Havertz is great and all, but he is far from a striker. Disappointed we gambled instead of, in the least, get a loan deal for someone.",hot_take,Bold opinion or claim asserted without checkable evidence.
"There’s these mental gymnastics again. Nunez does play more reserved, but that has more to do with the level of pressing. Going forward, he most certainly has a license to get into scoring positions. He just biffs them every single time he gets a chance.",hot_take,Bold opinion or claim asserted without checkable evidence.
"if anything results domestically have gotten worse, you'd hope to be given time to ring the changes to fit his formation...but a shit show against an equally bad Spurs who could be missing a few players and he could be gone",hot_take,Bold opinion or claim asserted without checkable evidence.
Still gutted we had to sell Anderson.,reaction,"Emotional/expressive, joke, or insult with no claim to defend."
As an Arsenal fan bit gutted we couldn’t do it again this year but much happier to see Liverpool win it than Citeh buy another title again.,reaction,"Emotional/expressive, joke, or insult with no claim to defend."
Absolute sickening. A league started by working class for working class completely gutted and hallowed for profits,reaction,"Emotional/expressive, joke, or insult with no claim to defend."
Gutted we’re winning number 20 lad,reaction,"Emotional/expressive, joke, or insult with no claim to defend."
"Also, as a side note, gutted you lost to Villa. Was hoping you lot would catch Arsenal.",reaction,"Emotional/expressive, joke, or insult with no claim to defend."
"Yeah I’m sure you’ll find many Liverpool fans gutted we’re “only” going to win the league lad lmao 9th trophy in 6 years, feels good lad",reaction,"Emotional/expressive, joke, or insult with no claim to defend."
"As an Everton fan, I was gutted to learn that we scouted him first but failed to keep him. In hind sight, it was a bullet dodged.",reaction,"Emotional/expressive, joke, or insult with no claim to defend."
"2006 Champions League Final. As an Arsenal fan, still gutted. Man down, holding on to a 1-0 lead until the last quarter hour, having more chances, then not making it. Ugh.",reaction,"Emotional/expressive, joke, or insult with no claim to defend."
Congrats to Newcastle it was a fully deserved win. Obviously gutted by the result but genuinely happy for their fanbase.,reaction,"Emotional/expressive, joke, or insult with no claim to defend."
As a liverpool fan I kinda agree. If there was one team to lose to I would pick Newcastle. I'm gutted but fair play to them they deserved it.,reaction,"Emotional/expressive, joke, or insult with no claim to defend."
I’m sure he’s gutted you don’t rate him.,reaction,"Emotional/expressive, joke, or insult with no claim to defend."
Yes ! I was gutted when we sold him,reaction,"Emotional/expressive, joke, or insult with no claim to defend."
I can only imagine Salah is absolutely gutted at being snubbed by the legendary Troy Deeney,reaction,"Emotional/expressive, joke, or insult with no claim to defend."
I’m honestly not surprised. He looked dangerous when we played them and you could see there was a top player in there. gutted we didn’t make a move for him,reaction,"Emotional/expressive, joke, or insult with no claim to defend."
Gutted this couldn't have come a week earlier tbh. Imagine the scenes of Heitinga managing Liverpool against Everton.,reaction,"Emotional/expressive, joke, or insult with no claim to defend."
I'm sure the Arsenal players are gutted by that mate,reaction,"Emotional/expressive, joke, or insult with no claim to defend."
"Absolutely this. I was gutted when he left, even though I fully understood the reasoning behind it. In his pomp, Bobby was a vital cog in our machine, and was, as you said, just a pure joy to watch.",reaction,"Emotional/expressive, joke, or insult with no claim to defend."
"Ashley decided to go on X to post ""Gutted....""",reaction,"Emotional/expressive, joke, or insult with no claim to defend."
"Slightly unrelated but my grandad who passed away last year was a massive forest fan, I'm gutted he didn't get to see them play like the good old days, again. Naturally I have a soft spot for them even if they take a European spot at my clubs (villa) expense. Up the Forest.",reaction,"Emotional/expressive, joke, or insult with no claim to defend."
Gutted when he went.,reaction,"Emotional/expressive, joke, or insult with no claim to defend."
"I agree. I love the unpredictability this season and not just because I support Newcastle. Yesterday was a great FA Cup final, and I'm really buzzing for Palace knowing how good our parade was. And the fact that next season, English clubs are likely to have another good run. The league is only over for Liverpool and the relegated 3. The amount of things up in the air till the last day of the season most definitely gives fans a hell of a final day. How someone can call it a poor season shows how little this person knows on football matters and is mist likely a placca.",reaction,"Emotional/expressive, joke, or insult with no claim to defend."
100% buzzing. Getting that shit booked in,reaction,"Emotional/expressive, joke, or insult with no claim to defend."
"I’m low key jealous of the kopites and the parade etc id love us to win a cup and have a blue one for a change The city is going to be buzzing at the end of the month apart from us grumpy lot pretending we don’t care looking on envious Still hate them mind, they’re horrible",reaction,"Emotional/expressive, joke, or insult with no claim to defend."
Fuck me how far have you lot fallen off you’re buzzing off our banter now,reaction,"Emotional/expressive, joke, or insult with no claim to defend."
We're just buzzing that wor Eddie is back,reaction,"Emotional/expressive, joke, or insult with no claim to defend."
"A great performance, two of the best free kicks any football fan could wish to see and a European night that will go down in history. Marvellous viewing! Not even an Arsenal fan and I'm buzzing.",reaction,"Emotional/expressive, joke, or insult with no claim to defend."
He was progressively getting better and better when he was taking free kicks for us. Great to see him progress to the point of scoring 2 unreal free kicks against one of the best big game goalkeepers still around… in the ucl! Buzzing for him.,reaction,"Emotional/expressive, joke, or insult with no claim to defend."
"People were calling us delusional for even thinking we could win 1-0 tonight. Buzzing for us to win the general election AND great British bake off, it’s already in the bag! COYG",reaction,"Emotional/expressive, joke, or insult with no claim to defend."
I cried. I’m 35 and seen us lose 3 finals. My mother died in 2018 at 52 and never got to witness them win. Our Julie would be fucking buzzing!,reaction,"Emotional/expressive, joke, or insult with no claim to defend."
Enjoy every second. Was buzzing throughout the game. That last 5 minutes felt like hell though.,reaction,"Emotional/expressive, joke, or insult with no claim to defend."
"It certainly had that feel about it mate. I was watching it with my best mate who is a Liverpool fan, a goalkeeper and must be one of Alisson's biggest advocates, he was buzzing lol.",reaction,"Emotional/expressive, joke, or insult with no claim to defend."
Bitter? I've had a crate of Stella and we're 6-1 up I'm buzzing,reaction,"Emotional/expressive, joke, or insult with no claim to defend."
I would be BUZZING,reaction,"Emotional/expressive, joke, or insult with no claim to defend."
“Visual 5-second countdown” Absolutely buzzing to see the deep analysis as to how this all a rouse against Arsenal!,reaction,"Emotional/expressive, joke, or insult with no claim to defend."
ArsenStoke will be absolutely buzzing.,reaction,"Emotional/expressive, joke, or insult with no claim to defend."
